{
    ".\/.DS_Store": 1624956659,
    ".\/.htaccess": 1624956659,
    ".\/app\/.DS_Store": 1624956659,
    ".\/app\/Manager\/Custom\/footer.html": 1624956659,
    ".\/app\/Manager\/Custom\/header.html": 1624956659,
    ".\/app\/Manager\/Custom\/property-footer.html": 1624956659,
    ".\/app\/Manager\/Custom\/property-header.html": 1627633908,
    ".\/app\/Manager\/Packages\/HandleSession.php": 1624994616,
    ".\/app\/Manager\/Partials\/.re": 1624956659,
    ".\/app\/Manager\/Provider.php": 1624956659,
    ".\/app\/Manager\/Providers\/HomeProvider.php": 1625130158,
    ".\/app\/Manager\/Providers\/PropertyProvider.php": 1624956659,
    ".\/app\/Manager\/Static\/Manager.css": 1624956659,
    ".\/app\/Manager\/Static\/Manager.js": 1624956659,
    ".\/app\/Manager\/Views\/home.html": 1624956659,
    ".\/app\/Manager\/Views\/property.html": 1626161806,
    ".\/app\/Manager\/config.php": 1624956659,
    ".\/app\/Manager\/main.php": 1624956659,
    ".\/app\/Manager\/model.php": 1624956659,
    ".\/app\/Manager\/property.bundle.json": 1627633908,
    ".\/app\/Manager\/readme.md": 1624956659,
    ".\/app\/readme.md": 1624956659,
    ".\/assist": 1630406792,
    ".\/composer": 1624956659,
    ".\/composer.json": 1624956659,
    ".\/composer.lock": 1624956659,
    ".\/includes\/hms-admin.php": 1624956659,
    ".\/index.php": 1624956659,
    ".\/init.php": 1624956659,
    ".\/package\/.DS_Store": 1624956659,
    ".\/package\/Moorexa\/.DS_Store": 1624956659,
    ".\/package\/Moorexa\/AliaseAutoloader.php": 1624956659,
    ".\/package\/Moorexa\/ApiStarterPack.php": 1624956659,
    ".\/package\/Moorexa\/AutoloaderCachingSystem.php": 1624956659,
    ".\/package\/Moorexa\/BootloaderConfiguration.php": 1624956659,
    ".\/package\/Moorexa\/BootloaderPrivates.php": 1624956659,
    ".\/package\/Moorexa\/Configuration\/DefaultPackagerConfiguration.php": 1624956659,
    ".\/package\/Moorexa\/DirectoryAutoloader.php": 1624956659,
    ".\/package\/Moorexa\/Helpers\/.DS_Store": 1624956659,
    ".\/package\/Moorexa\/Helpers\/Assets.php": 1624956659,
    ".\/package\/Moorexa\/Helpers\/ContainerProcessor.php": 1624956659,
    ".\/package\/Moorexa\/Helpers\/Containers\/.DS_Store": 1624956659,
    ".\/package\/Moorexa\/Helpers\/Containers\/cd9249afe5aa2dc5b14f2702e7351ee6.php": 1624956659,
    ".\/package\/Moorexa\/Helpers\/Containers\/interfaces.json": 1624956659,
    ".\/package\/Moorexa\/Helpers\/Functions.php": 1624956659,
    ".\/package\/Moorexa\/Helpers\/Hyphe.php": 1624956659,
    ".\/package\/Moorexa\/Helpers\/Partials.php": 1624956659,
    ".\/package\/Moorexa\/Helpers\/RouterControls.php": 1624956659,
    ".\/package\/Moorexa\/Helpers\/RouterProperties.php": 1624956659,
    ".\/package\/Moorexa\/Helpers\/ScriptManager.php": 1624956659,
    ".\/package\/Moorexa\/Helpers\/URL.php": 1624956659,
    ".\/package\/Moorexa\/Helpers\/UrlControls.php": 1624956659,
    ".\/package\/Moorexa\/Helpers\/Yaml\/CHANGELOG.md": 1624956659,
    ".\/package\/Moorexa\/Helpers\/Yaml\/Command\/LintCommand.php": 1624956659,
    ".\/package\/Moorexa\/Helpers\/Yaml\/Dumper.php": 1624956659,
    ".\/package\/Moorexa\/Helpers\/Yaml\/Escaper.php": 1624956659,
    ".\/package\/Moorexa\/Helpers\/Yaml\/Exception\/DumpException.php": 1624956659,
    ".\/package\/Moorexa\/Helpers\/Yaml\/Exception\/ExceptionInterface.php": 1624956659,
    ".\/package\/Moorexa\/Helpers\/Yaml\/Exception\/ParseException.php": 1624956659,
    ".\/package\/Moorexa\/Helpers\/Yaml\/Exception\/RuntimeException.php": 1624956659,
    ".\/package\/Moorexa\/Helpers\/Yaml\/Inline.php": 1624956659,
    ".\/package\/Moorexa\/Helpers\/Yaml\/LICENSE": 1624956659,
    ".\/package\/Moorexa\/Helpers\/Yaml\/Parser.php": 1624956659,
    ".\/package\/Moorexa\/Helpers\/Yaml\/README.md": 1624956659,
    ".\/package\/Moorexa\/Helpers\/Yaml\/Tag\/TaggedValue.php": 1624956659,
    ".\/package\/Moorexa\/Helpers\/Yaml\/Unescaper.php": 1624956659,
    ".\/package\/Moorexa\/Helpers\/Yaml\/Yaml.php": 1624956659,
    ".\/package\/Moorexa\/Helpers\/Yaml\/composer.json": 1624956659,
    ".\/package\/Moorexa\/Interfaces\/ControllerInterface.php": 1624956659,
    ".\/package\/Moorexa\/Interfaces\/ControllerProviderInterface.php": 1624956659,
    ".\/package\/Moorexa\/Interfaces\/ModelInterface.php": 1624956659,
    ".\/package\/Moorexa\/Interfaces\/PageNotFoundInterface.php": 1624956659,
    ".\/package\/Moorexa\/Interfaces\/ResourceInterface.php": 1624956659,
    ".\/package\/Moorexa\/Interfaces\/ViewProviderInterface.php": 1624956659,
    ".\/package\/Moorexa\/MVC\/Controller.php": 1624956659,
    ".\/package\/Moorexa\/MVC\/Helpers\/ControllerGuards.php": 1624956659,
    ".\/package\/Moorexa\/MVC\/Helpers\/ControllerLoader.php": 1624956659,
    ".\/package\/Moorexa\/MVC\/Helpers\/ControllerMiddlewareLoader.php": 1624956659,
    ".\/package\/Moorexa\/MVC\/Helpers\/ControllerServeMethods.php": 1624956659,
    ".\/package\/Moorexa\/MVC\/Helpers\/ControllerTriggers.php": 1624956659,
    ".\/package\/Moorexa\/MVC\/Helpers\/ControllerViewHandler.php": 1624956659,
    ".\/package\/Moorexa\/MVC\/Helpers\/ControllerViewModel.php": 1624956659,
    ".\/package\/Moorexa\/MVC\/Helpers\/ControllerViewProvider.php": 1624956659,
    ".\/package\/Moorexa\/MVC\/Helpers\/Functions.php": 1624956659,
    ".\/package\/Moorexa\/MVC\/Helpers\/ViewPackage.php": 1624956659,
    ".\/package\/Moorexa\/MVC\/Model.php": 1624956659,
    ".\/package\/Moorexa\/MVC\/View.php": 1624956659,
    ".\/package\/Moorexa\/MicroStarterPack.php": 1624956659,
    ".\/package\/Moorexa\/MoorexaApiPackager.php": 1624956659,
    ".\/package\/Moorexa\/MoorexaApiRouterController.php": 1624956659,
    ".\/package\/Moorexa\/MoorexaCliPackager.php": 1624956659,
    ".\/package\/Moorexa\/MoorexaDatabaseHandler.php": 1624956659,
    ".\/package\/Moorexa\/MoorexaGlobalVariables.php": 1624956659,
    ".\/package\/Moorexa\/MoorexaMicroPackager.php": 1624956659,
    ".\/package\/Moorexa\/MoorexaMicroRouterController.php": 1624956659,
    ".\/package\/Moorexa\/MoorexaRequestManager.php": 1624956659,
    ".\/package\/Moorexa\/MoorexaSecurityGroup.php": 1624956659,
    ".\/package\/Moorexa\/MoorexaSilentErrorListener.php": 1624956659,
    ".\/package\/Moorexa\/MoorexaWebPackager.php": 1624956659,
    ".\/package\/Moorexa\/MoorexaWebRouterController.php": 1624956659,
    ".\/package\/Moorexa\/NamespaceAutoloader.php": 1624956659,
    ".\/package\/Moorexa\/Router.php": 1624956659,
    ".\/package\/Moorexa\/RouterMethods.php": 1624956659,
    ".\/package\/Moorexa\/StarterPack.php": 1624956659,
    ".\/package\/Moorexa\/TestManager.php": 1624956659,
    ".\/package\/Moorexa\/autoload.cache.json": 1624956659,
    ".\/package\/TripMata\/Convert.php": 1624956659,
    ".\/package\/TripMata\/IBase.php": 1624956659,
    ".\/package\/TripMata\/IRequest.php": 1624956659,
    ".\/package\/TripMata\/IResponse.php": 1624956659,
    ".\/package\/TripMata\/NameValuePair.php": 1624956659,
    ".\/package\/TripMata\/Random.php": 1624956659,
    ".\/package\/TripMata\/Request.php": 1624956659,
    ".\/package\/TripMata\/Response.php": 1624956659,
    ".\/package\/TripMata\/Router.php": 1624956659,
    ".\/package\/TripMata\/Serializer.php": 1624956659,
    ".\/package\/TripMata\/Span.php": 1624956659,
    ".\/package\/TripMata\/Upload.php": 1624956659,
    ".\/package\/TripMata\/WixDate.php": 1624956659,
    ".\/package\/TripMata\/Writer.php": 1624956659,
    ".\/package\/readme.md": 1624956659,
    ".\/readme.md": 1624956659,
    ".\/src\/.DS_Store": 1624956659,
    ".\/src\/README.md": 1624956659,
    ".\/src\/components\/.DS_Store": 1624956659,
    ".\/src\/components\/Directives\/.re": 1624956659,
    ".\/src\/components\/Partials\/.DS_Store": 1624956659,
    ".\/src\/components\/Partials\/.re": 1624956659,
    ".\/src\/components\/Partials\/meta-tags.html": 1624956659,
    ".\/src\/components\/Template\/.DS_Store": 1624956659,
    ".\/src\/components\/Template\/footer.html": 1624956659,
    ".\/src\/components\/Template\/header.html": 1624956659,
    ".\/src\/components\/Template\/readme.md": 1624956659,
    ".\/src\/components\/readme.md": 1624956659,
    ".\/src\/config\/.DS_Store": 1624956659,
    ".\/src\/config\/aliases.php": 1624956659,
    ".\/src\/config\/config.php": 1624956659,
    ".\/src\/config\/constants.php": 1629983084,
    ".\/src\/config\/dependencies.php": 1624956659,
    ".\/src\/config\/import.php": 1624956659,
    ".\/src\/config\/paths.php": 1624956659,
    ".\/src\/config.yaml": 1624956659,
    ".\/src\/console\/.DS_Store": 1624956659,
    ".\/src\/console\/assist.php": 1624956659,
    ".\/src\/console\/bash.php": 1624956659,
    ".\/src\/console\/bash_scripts.yaml": 1624956659,
    ".\/src\/console\/deploy.php": 1624956659,
    ".\/src\/console\/rabbitmq-worker.php": 1624956659,
    ".\/src\/database\/.DS_Store": 1624956659,
    ".\/src\/database\/Channels\/.re": 1624956659,
    ".\/src\/database\/Filedb\/.re": 1624956659,
    ".\/src\/database\/Relationships\/.re": 1624956659,
    ".\/src\/database\/Schemas\/.DS_Store": 1624956659,
    ".\/src\/database\/Schemas\/.re": 1624956659,
    ".\/src\/database\/Sql\/.DS_Store": 1624956659,
    ".\/src\/database\/Sql\/.re": 1624956659,
    ".\/src\/database\/Tables\/.DS_Store": 1624956659,
    ".\/src\/database\/Tables\/.re": 1624956659,
    ".\/src\/database\/database.php": 1624956659,
    ".\/src\/database\/readme.md": 1624956659,
    ".\/src\/environment.yaml": 1624956659,
    ".\/src\/extra\/.DS_Store": 1624956659,
    ".\/src\/extra\/controllers.php": 1624956659,
    ".\/src\/extra\/directives.php": 1624956659,
    ".\/src\/extra\/happy-functions.php": 1624956659,
    ".\/src\/extra\/view-engine.php": 1624956659,
    ".\/src\/lab\/.DS_Store": 1624956659,
    ".\/src\/lab\/Backup\/.DS_Store": 1624956659,
    ".\/src\/lab\/library\/FileDB\/FileDBClient.php": 1624956659,
    ".\/src\/lab\/library\/FileDB\/FileDBFunctions.php": 1624956659,
    ".\/src\/lab\/library\/FileDB\/FileDBMethods.php": 1624956659,
    ".\/src\/lab\/library\/FileDB\/fdb\/.re": 1624956659,
    ".\/src\/lab\/library\/HttpClient\/Http.php": 1624956659,
    ".\/src\/lab\/library\/Sockets\/SocketEventHandler.php": 1624956659,
    ".\/src\/lab\/library\/Sockets\/SocketEvents.php": 1624956659,
    ".\/src\/lab\/logs\/error.log": 1624956659,
    ".\/src\/lab\/readme.md": 1624956659,
    ".\/src\/loadStatic.json": 1624956659,
    ".\/src\/middlewares.json": 1624956659,
    ".\/src\/php.ini": 1624956659,
    ".\/src\/public\/.DS_Store": 1624956659,
    ".\/src\/public\/assets\/.DS_Store": 1624956659,
    ".\/src\/public\/assets\/assets.paths.json": 1624956659,
    ".\/src\/public\/assets\/css\/.DS_Store": 1624956659,
    ".\/src\/public\/assets\/css\/error.css": 1624956659,
    ".\/src\/public\/assets\/css\/moorexa.css": 1624956659,
    ".\/src\/public\/assets\/css\/wrapper.css": 1624956659,
    ".\/src\/public\/assets\/fonts\/.DS_Store": 1624956659,
    ".\/src\/public\/assets\/fonts\/HelveticaNeueUltraLight.ttf": 1624956659,
    ".\/src\/public\/assets\/fonts\/Poppins-Regular.ttf": 1624956659,
    ".\/src\/public\/assets\/images\/.DS_Store": 1624956659,
    ".\/src\/public\/assets\/images\/icons\/.DS_Store": 1624956659,
    ".\/src\/public\/assets\/images\/icons\/arrow-left.png": 1624956659,
    ".\/src\/public\/assets\/images\/icons\/checked-green.png": 1624956659,
    ".\/src\/public\/assets\/images\/icons\/compose.png": 1624956659,
    ".\/src\/public\/assets\/images\/icons\/eyeglasses.png": 1624956659,
    ".\/src\/public\/assets\/images\/icons\/fingerprint.png": 1624956659,
    ".\/src\/public\/assets\/images\/icons\/folder-15.png": 1624956659,
    ".\/src\/public\/assets\/images\/icons\/folder-16.png": 1624956659,
    ".\/src\/public\/assets\/images\/icons\/happy.png": 1624956659,
    ".\/src\/public\/assets\/images\/icons\/home.png": 1624956659,
    ".\/src\/public\/assets\/images\/icons\/idea.png": 1624956659,
    ".\/src\/public\/assets\/images\/icons\/paper-plane.png": 1624956659,
    ".\/src\/public\/assets\/images\/icons\/stack-overflow.png": 1624956659,
    ".\/src\/public\/assets\/images\/icons\/windows-4.png": 1624956659,
    ".\/src\/public\/assets\/images\/sys\/moorexa-icon.png": 1624956659,
    ".\/src\/public\/assets\/images\/sys\/moorexa.jpeg": 1624956659,
    ".\/src\/public\/assets\/images\/sys\/moorexawhite.png": 1624956659,
    ".\/src\/public\/assets\/images\/sys\/product-logo.png": 1624956659,
    ".\/src\/public\/assets\/images\/sys\/smiling.png": 1624956659,
    ".\/src\/public\/assets\/images\/sys\/smiling2.png": 1624956659,
    ".\/src\/public\/assets\/images\/sys\/success.png": 1624956659,
    ".\/src\/public\/assets\/js\/.DS_Store": 1624956659,
    ".\/src\/public\/assets\/js\/Rexajs\/deffer.js": 1624956659,
    ".\/src\/public\/assets\/js\/Rexajs\/deffer.min.js": 1624956659,
    ".\/src\/public\/assets\/js\/Rexajs\/moorexa.js": 1624956659,
    ".\/src\/public\/assets\/js\/Rexajs\/moorexa.min.js": 1624956659,
    ".\/src\/public\/assets\/js\/axios.min.js": 1624956659,
    ".\/src\/public\/helper\/bodyofview.txt": 1624956659,
    ".\/src\/public\/readme.md": 1624956659,
    ".\/src\/services\/.DS_Store": 1624956659,
    ".\/src\/services\/api.php": 1624956659,
    ".\/src\/services\/container.php": 1624956659,
    ".\/src\/services\/events.php": 1624956659,
    ".\/src\/services\/guards.php": 1624956659,
    ".\/src\/services\/payloads.php": 1624956659,
    ".\/src\/services\/routes.php": 1624956659,
    ".\/src\/services\/scripts.php": 1624956659,
    ".\/src\/utility\/.DS_Store": 1624956659,
    ".\/src\/utility\/Certificate\/.DS_Store": 1624956659,
    ".\/src\/utility\/Certificate\/Private\/.re": 1624956659,
    ".\/src\/utility\/Certificate\/Public\/certificate.key": 1624956659,
    ".\/src\/utility\/Classes\/.DS_Store": 1624956659,
    ".\/src\/utility\/Classes\/.re": 1624956659,
    ".\/src\/utility\/Classes\/CLI\/Assist\/Functions.php": 1624956659,
    ".\/src\/utility\/Classes\/CLI\/Assist\/MimeTypes.php": 1624956659,
    ".\/src\/utility\/Classes\/CLI\/Assist.php": 1630407950,
    ".\/src\/utility\/Classes\/CLI\/CliInterface.php": 1624956659,
    ".\/src\/utility\/Classes\/CLI\/Router.php": 1624956659,
    ".\/src\/utility\/Classes\/Happy\/Directives.php": 1624956659,
    ".\/src\/utility\/Classes\/Happy\/DirectivesInterface.php": 1624956659,
    ".\/src\/utility\/Classes\/Happy\/Injector.php": 1624956659,
    ".\/src\/utility\/Classes\/Hyphe\/.DS_Store": 1624956659,
    ".\/src\/utility\/Classes\/Hyphe\/Caches\/.DS_Store": 1624956659,
    ".\/src\/utility\/Classes\/Hyphe\/Caches\/.re": 1624956659,
    ".\/src\/utility\/Classes\/Hyphe\/Caches\/3c638b535fef02ca572752fa075a140e.php": 1624956659,
    ".\/src\/utility\/Classes\/Hyphe\/Compile.php": 1624956659,
    ".\/src\/utility\/Classes\/Hyphe\/Engine.php": 1624956659,
    ".\/src\/utility\/Classes\/Hyphe\/Functions.php": 1624956659,
    ".\/src\/utility\/Classes\/Hyphe\/hyphe.paths.json": 1624956659,
    ".\/src\/utility\/Classes\/Hyphe\/masterminds\/html5\/.gitignore": 1624956659,
    ".\/src\/utility\/Classes\/Hyphe\/masterminds\/html5\/.php_cs.dist": 1624956659,
    ".\/src\/utility\/Classes\/Hyphe\/masterminds\/html5\/.scrutinizer.yml": 1624956659,
    ".\/src\/utility\/Classes\/Hyphe\/masterminds\/html5\/.travis.yml": 1624956659,
    ".\/src\/utility\/Classes\/Hyphe\/masterminds\/html5\/CREDITS": 1624956659,
    ".\/src\/utility\/Classes\/Hyphe\/masterminds\/html5\/LICENSE.txt": 1624956659,
    ".\/src\/utility\/Classes\/Hyphe\/masterminds\/html5\/README.md": 1624956659,
    ".\/src\/utility\/Classes\/Hyphe\/masterminds\/html5\/RELEASE.md": 1624956659,
    ".\/src\/utility\/Classes\/Hyphe\/masterminds\/html5\/UPGRADING.md": 1624956659,
    ".\/src\/utility\/Classes\/Hyphe\/masterminds\/html5\/bin\/entities.php": 1624956659,
    ".\/src\/utility\/Classes\/Hyphe\/masterminds\/html5\/composer.json": 1624956659,
    ".\/src\/utility\/Classes\/Hyphe\/masterminds\/html5\/example.php": 1624956659,
    ".\/src\/utility\/Classes\/Hyphe\/masterminds\/html5\/phpunit.xml.dist": 1624956659,
    ".\/src\/utility\/Classes\/Hyphe\/masterminds\/html5\/sami.php": 1624956659,
    ".\/src\/utility\/Classes\/Hyphe\/masterminds\/html5\/src\/HTML5\/Elements.php": 1624956659,
    ".\/src\/utility\/Classes\/Hyphe\/masterminds\/html5\/src\/HTML5\/Entities.php": 1624956659,
    ".\/src\/utility\/Classes\/Hyphe\/masterminds\/html5\/src\/HTML5\/Exception.php": 1624956659,
    ".\/src\/utility\/Classes\/Hyphe\/masterminds\/html5\/src\/HTML5\/InstructionProcessor.php": 1624956659,
    ".\/src\/utility\/Classes\/Hyphe\/masterminds\/html5\/src\/HTML5\/Parser\/CharacterReference.php": 1624956659,
    ".\/src\/utility\/Classes\/Hyphe\/masterminds\/html5\/src\/HTML5\/Parser\/DOMTreeBuilder.php": 1624956659,
    ".\/src\/utility\/Classes\/Hyphe\/masterminds\/html5\/src\/HTML5\/Parser\/EventHandler.php": 1624956659,
    ".\/src\/utility\/Classes\/Hyphe\/masterminds\/html5\/src\/HTML5\/Parser\/FileInputStream.php": 1624956659,
    ".\/src\/utility\/Classes\/Hyphe\/masterminds\/html5\/src\/HTML5\/Parser\/InputStream.php": 1624956659,
    ".\/src\/utility\/Classes\/Hyphe\/masterminds\/html5\/src\/HTML5\/Parser\/ParseError.php": 1624956659,
    ".\/src\/utility\/Classes\/Hyphe\/masterminds\/html5\/src\/HTML5\/Parser\/README.md": 1624956659,
    ".\/src\/utility\/Classes\/Hyphe\/masterminds\/html5\/src\/HTML5\/Parser\/Scanner.php": 1624956659,
    ".\/src\/utility\/Classes\/Hyphe\/masterminds\/html5\/src\/HTML5\/Parser\/StringInputStream.php": 1624956659,
    ".\/src\/utility\/Classes\/Hyphe\/masterminds\/html5\/src\/HTML5\/Parser\/Tokenizer.php": 1624956659,
    ".\/src\/utility\/Classes\/Hyphe\/masterminds\/html5\/src\/HTML5\/Parser\/TreeBuildingRules.php": 1624956659,
    ".\/src\/utility\/Classes\/Hyphe\/masterminds\/html5\/src\/HTML5\/Parser\/UTF8Utils.php": 1624956659,
    ".\/src\/utility\/Classes\/Hyphe\/masterminds\/html5\/src\/HTML5\/Serializer\/HTML5Entities.php": 1624956659,
    ".\/src\/utility\/Classes\/Hyphe\/masterminds\/html5\/src\/HTML5\/Serializer\/OutputRules.php": 1624956659,
    ".\/src\/utility\/Classes\/Hyphe\/masterminds\/html5\/src\/HTML5\/Serializer\/README.md": 1624956659,
    ".\/src\/utility\/Classes\/Hyphe\/masterminds\/html5\/src\/HTML5\/Serializer\/RulesInterface.php": 1624956659,
    ".\/src\/utility\/Classes\/Hyphe\/masterminds\/html5\/src\/HTML5\/Serializer\/Traverser.php": 1624956659,
    ".\/src\/utility\/Classes\/Hyphe\/masterminds\/html5\/src\/HTML5.php": 1624956659,
    ".\/src\/utility\/Classes\/Hyphe\/masterminds\/html5\/test\/HTML5\/ElementsTest.php": 1624956659,
    ".\/src\/utility\/Classes\/Hyphe\/masterminds\/html5\/test\/HTML5\/Fixtures\/encoding\/utf-8.html": 1624956659,
    ".\/src\/utility\/Classes\/Hyphe\/masterminds\/html5\/test\/HTML5\/Fixtures\/encoding\/windows-1252.html": 1624956659,
    ".\/src\/utility\/Classes\/Hyphe\/masterminds\/html5\/test\/HTML5\/Html5Test.html": 1624956659,
    ".\/src\/utility\/Classes\/Hyphe\/masterminds\/html5\/test\/HTML5\/Html5Test.php": 1624956659,
    ".\/src\/utility\/Classes\/Hyphe\/masterminds\/html5\/test\/HTML5\/Parser\/CharacterReferenceTest.php": 1624956659,
    ".\/src\/utility\/Classes\/Hyphe\/masterminds\/html5\/test\/HTML5\/Parser\/DOMTreeBuilderTest.php": 1624956659,
    ".\/src\/utility\/Classes\/Hyphe\/masterminds\/html5\/test\/HTML5\/Parser\/EventStack.php": 1624956659,
    ".\/src\/utility\/Classes\/Hyphe\/masterminds\/html5\/test\/HTML5\/Parser\/EventStackError.php": 1624956659,
    ".\/src\/utility\/Classes\/Hyphe\/masterminds\/html5\/test\/HTML5\/Parser\/InstructionProcessorMock.php": 1624956659,
    ".\/src\/utility\/Classes\/Hyphe\/masterminds\/html5\/test\/HTML5\/Parser\/ScannerTest.php": 1624956659,
    ".\/src\/utility\/Classes\/Hyphe\/masterminds\/html5\/test\/HTML5\/Parser\/TokenizerTest.php": 1624956659,
    ".\/src\/utility\/Classes\/Hyphe\/masterminds\/html5\/test\/HTML5\/Parser\/TreeBuildingRulesTest.php": 1624956659,
    ".\/src\/utility\/Classes\/Hyphe\/masterminds\/html5\/test\/HTML5\/Parser\/UTF8UtilsTest.php": 1624956659,
    ".\/src\/utility\/Classes\/Hyphe\/masterminds\/html5\/test\/HTML5\/Serializer\/OutputRulesTest.php": 1624956659,
    ".\/src\/utility\/Classes\/Hyphe\/masterminds\/html5\/test\/HTML5\/Serializer\/TraverserTest.php": 1624956659,
    ".\/src\/utility\/Classes\/Hyphe\/masterminds\/html5\/test\/HTML5\/TestCase.php": 1624956659,
    ".\/src\/utility\/Classes\/Hyphe\/masterminds\/html5\/test\/benchmark\/example.html": 1624956659,
    ".\/src\/utility\/Classes\/Hyphe\/masterminds\/html5\/test\/benchmark\/run.php": 1624956659,
    ".\/src\/utility\/Classes\/Messaging\/Mail.php": 1624956659,
    ".\/src\/utility\/Classes\/Platforms\/Launcher.php": 1624956659,
    ".\/src\/utility\/Classes\/Platforms\/Launchers\/Api.php": 1624956659,
    ".\/src\/utility\/Classes\/Platforms\/Launchers\/Cli.php": 1624956659,
    ".\/src\/utility\/Classes\/Platforms\/Launchers\/Helper.php": 1624956659,
    ".\/src\/utility\/Classes\/Platforms\/Launchers\/Web.php": 1624956659,
    ".\/src\/utility\/Classes\/Platforms\/PlatformInterface.php": 1624956659,
    ".\/src\/utility\/Console\/.DS_Store": 1624956659,
    ".\/src\/utility\/Console\/Conf\/Ubuntu\/UbuntuConf.php": 1624956659,
    ".\/src\/utility\/Console\/Conf\/Ubuntu\/mod_rewrite.conf": 1624956659,
    ".\/src\/utility\/Console\/Conf\/Ubuntu\/site_default.conf": 1624956659,
    ".\/src\/utility\/Console\/Conf\/Ubuntu\/site_secure.conf": 1624956659,
    ".\/src\/utility\/Console\/Conf\/Ubuntu\/tmp\/default.conf": 1624956659,
    ".\/src\/utility\/Console\/Helper\/.DS_Store": 1624956659,
    ".\/src\/utility\/Console\/Helper\/.re": 1624956659,
    ".\/src\/utility\/Console\/Table.php": 1624956659,
    ".\/src\/utility\/Events\/.re": 1624956659,
    ".\/src\/utility\/Guards\/.re": 1624956659,
    ".\/src\/utility\/Middlewares\/.re": 1624956659,
    ".\/src\/utility\/Plugins\/validator\/index.php": 1624956659,
    ".\/src\/utility\/Storage\/.DS_Store": 1624956659,
    ".\/src\/utility\/Storage\/Caches\/Partials\/4759deea91e5ffde2d776f2797a3388e_meta-tags.html.cache": 1629973682,
    ".\/src\/utility\/Storage\/Caches\/Partials\/partial.cache.php": 1629973682,
    ".\/src\/utility\/Storage\/Logs\/.DS_Store": 1624956659,
    ".\/src\/utility\/Storage\/Logs\/Changelogs\/.re": 1624956659,
    ".\/src\/utility\/Storage\/Logs\/Deploy\/.DS_Store": 1624956659,
    ".\/src\/utility\/Storage\/Logs\/Deploy\/.re": 1624956659,
    ".\/src\/utility\/Storage\/Tmp\/.DS_Store": 1624956659,
    ".\/src\/utility\/Storage\/Tmp\/.re": 1624956659,
    ".\/src\/utility\/readme.md": 1624956659,
    ".\/static\/.DS_Store": 1624956659,
    ".\/static\/css\/reset.css": 1625130372,
    ".\/static\/html\/account-activity.html": 1624956659,
    ".\/static\/html\/customer-reservations.html": 1624956659,
    ".\/static\/html\/dashboard-stats.html": 1624956659,
    ".\/static\/html\/lodging-history.html": 1624956659,
    ".\/static\/html\/login.html": 1624956659,
    ".\/static\/html\/settings-property.html": 1630408563,
    ".\/static\/js\/draw.js": 1624956659,
    ".\/static\/js\/event.js": 1624956659,
    ".\/static\/js\/login.js": 1624956659,
    ".\/static\/js\/navigate.js": 1625128309,
    ".\/static\/js\/page.js": 1624956659,
    ".\/static\/property\/.DS_Store": 1624956659,
    ".\/static\/property\/js\/draw.js": 1630401138,
    ".\/static\/property\/js\/event.js": 1630408563,
    ".\/static\/property\/js\/navigate.js": 1630408563,
    ".\/static\/property\/js\/page.js": 1626161806,
    ".\/static\/property\/js\/populate.js": 1630408563,
    ".\/system\/.DS_Store": 1624956659,
    ".\/system\/Adapter\/.DS_Store": 1624956659,
    ".\/system\/Adapter\/ClassManager.php": 1624956659,
    ".\/system\/Adapter\/Configuration\/ConfigurationSocket.php": 1624956659,
    ".\/system\/Adapter\/Configuration\/ConfigurationSocketHandler.php": 1624956659,
    ".\/system\/Adapter\/Configuration\/Environment.php": 1624956659,
    ".\/system\/Adapter\/Configuration\/FunctionAttachment.php": 1624956659,
    ".\/system\/Adapter\/Configuration\/Interfaces\/ConfigurationSocketHandlerInterface.php": 1624956659,
    ".\/system\/Adapter\/Configuration\/Interfaces\/ConfigurationSocketInterface.php": 1624956659,
    ".\/system\/Adapter\/Configuration\/Interfaces\/EnvironmentInterface.php": 1624956659,
    ".\/system\/Adapter\/Configuration\/Interfaces\/FunctionAttachments.php": 1624956659,
    ".\/system\/Adapter\/Configuration\/Interfaces\/SetSocketArrayInterface.php": 1624956659,
    ".\/system\/Adapter\/Configuration\/Interfaces\/URLInterface.php": 1624956659,
    ".\/system\/Adapter\/Configuration\/SetSocketArray.php": 1624956659,
    ".\/system\/Adapter\/Container.php": 1624956659,
    ".\/system\/Adapter\/DependencyChecker.php": 1624956659,
    ".\/system\/Adapter\/Errors\/.DS_Store": 1624956659,
    ".\/system\/Adapter\/Errors\/ClassNotAvailable.php": 1624956659,
    ".\/system\/Adapter\/Errors\/FrameworkDefault.php": 1624956659,
    ".\/system\/Adapter\/Errors\/SilentErrorListener.php": 1624956659,
    ".\/system\/Adapter\/Errors\/css\/moorexa.css": 1624956659,
    ".\/system\/Adapter\/Errors\/css\/wrapper.css": 1624956659,
    ".\/system\/Adapter\/FileDependencyChecker.php": 1624956659,
    ".\/system\/Adapter\/GlobalFunctions.php": 1624956659,
    ".\/system\/Adapter\/GlobalVariables.php": 1624956659,
    ".\/system\/Adapter\/Interfaces\/ContainerInterface.php": 1624956659,
    ".\/system\/Adapter\/Interfaces\/GlobalVariablesInterface.php": 1624956659,
    ".\/system\/Adapter\/Interfaces\/SilentErrorListenerInterface.php": 1624956659,
    ".\/system\/Adapter\/ProgramFaults.php": 1624956659,
    ".\/system\/Adapter\/URL.php": 1624956659,
    ".\/system\/Common\/CsrfRequestManager.php": 1624956659,
    ".\/system\/Common\/Directories.php": 1624956659,
    ".\/system\/Common\/ExceptionHandler.php": 1624956659,
    ".\/system\/Common\/File.php": 1624956659,
    ".\/system\/Common\/Functions.php": 1624956659,
    ".\/system\/Common\/IncludeInjector.php": 1624956659,
    ".\/system\/Common\/Interfaces\/ExceptionHandlerInterface.php": 1624956659,
    ".\/system\/Common\/Interfaces\/ExceptionWrapperInterface.php": 1624956659,
    ".\/system\/Common\/Interfaces\/LogbookLoggerInterface.php": 1624956659,
    ".\/system\/Common\/Interfaces\/LoggerWrapperInterface.php": 1624956659,
    ".\/system\/Common\/Interfaces\/PackageManagerInterface.php": 1624956659,
    ".\/system\/Common\/Interfaces\/RequirementInterface.php": 1624956659,
    ".\/system\/Common\/JSONHelper.php": 1624956659,
    ".\/system\/Common\/Logbook.php": 1624956659,
    ".\/system\/Common\/PrefixTrait.php": 1624956659,
    ".\/system\/Common\/Requirements.php": 1624956659,
    ".\/system\/Common\/directory.cache.json": 1628066961,
    ".\/system\/Core\/BootCoreEngine.php": 1624956659,
    ".\/system\/Core\/DependencyFailedManager.php": 1624956659,
    ".\/system\/Core\/FrameworkAutoloader.php": 1624956659,
    ".\/system\/Core\/FrameworkAutoloaderPusher.php": 1624956659,
    ".\/system\/Core\/FrameworkConfiguration.php": 1624956659,
    ".\/system\/Core\/FrameworkRequirements.php": 1624956659,
    ".\/system\/Core\/FunctionWrapper.php": 1624956659,
    ".\/system\/Core\/GlobalConstants.php": 1624956659,
    ".\/system\/Core\/Interfaces\/ConstantInterface.php": 1624956659,
    ".\/system\/Core\/Interfaces\/DependencyManagerInterface.php": 1624956659,
    ".\/system\/Core\/Interfaces\/FrameworkAutoloaderEvents.php": 1624956659,
    ".\/system\/Core\/Interfaces\/FunctionWrapperInterface.php": 1624956659,
    ".\/system\/Core\/Interfaces\/PayloadInterface.php": 1624956659,
    ".\/system\/Core\/Interfaces\/PayloadProcess.php": 1624956659,
    ".\/system\/Core\/Interfaces\/PayloadRunnerInterface.php": 1624956659,
    ".\/system\/Core\/Interfaces\/PrivateAutoloaderInterface.php": 1624956659,
    ".\/system\/Core\/Interfaces\/SystemPathsInterface.php": 1624956659,
    ".\/system\/Core\/Payload.php": 1624956659,
    ".\/system\/Core\/PayloadAccessMethods.php": 1624956659,
    ".\/system\/Core\/PayloadRunner.php": 1624956659,
    ".\/system\/Core\/Setters\/Constants.php": 1624956659,
    ".\/system\/Core\/SystemPaths.php": 1624956659,
    ".\/system\/Core\/ThrowableExceptionManager.php": 1624956659,
    ".\/system\/Database\/.DS_Store": 1624956659,
    ".\/system\/Database\/Cache\/Dumps\/delete.php": 1624956659,
    ".\/system\/Database\/Cache\/Dumps\/insert.php": 1624956659,
    ".\/system\/Database\/Cache\/Dumps\/select.php": 1624956659,
    ".\/system\/Database\/Cache\/Dumps\/sql.php": 1624956659,
    ".\/system\/Database\/Cache\/Dumps\/update.php": 1624956659,
    ".\/system\/Database\/Cache\/FileQueryCache.php": 1624956659,
    ".\/system\/Database\/Cache\/QueryCache.php": 1624956659,
    ".\/system\/Database\/Configuration.php": 1624956659,
    ".\/system\/Database\/ConnectionSettings.php": 1624956659,
    ".\/system\/Database\/DatabaseChannel.php": 1624956659,
    ".\/system\/Database\/DatabaseHandler.php": 1624956659,
    ".\/system\/Database\/Directives.php": 1624956659,
    ".\/system\/Database\/Drivers\/.DS_Store": 1624956659,
    ".\/system\/Database\/Drivers\/DriversHelper.php": 1624956659,
    ".\/system\/Database\/Drivers\/Mssql\/.DS_Store": 1624956659,
    ".\/system\/Database\/Drivers\/Mssql\/Builder.php": 1624956659,
    ".\/system\/Database\/Drivers\/Mssql\/Driver.php": 1624956659,
    ".\/system\/Database\/Drivers\/Mssql\/Query.php": 1624956659,
    ".\/system\/Database\/Drivers\/Mssql\/Schema.php": 1624956659,
    ".\/system\/Database\/Drivers\/Mssql\/Table.php": 1624956659,
    ".\/system\/Database\/Drivers\/Mysql\/Builder.php": 1624956659,
    ".\/system\/Database\/Drivers\/Mysql\/Driver.php": 1624956659,
    ".\/system\/Database\/Drivers\/Mysql\/Query.php": 1624956659,
    ".\/system\/Database\/Drivers\/Mysql\/Schema.php": 1624956659,
    ".\/system\/Database\/Drivers\/Mysql\/Table.php": 1624956659,
    ".\/system\/Database\/Drivers\/Postgresql\/Builder.php": 1624956659,
    ".\/system\/Database\/Drivers\/Postgresql\/Driver.php": 1624956659,
    ".\/system\/Database\/Drivers\/Postgresql\/Query.php": 1624956659,
    ".\/system\/Database\/Drivers\/Postgresql\/Schema.php": 1624956659,
    ".\/system\/Database\/Drivers\/Postgresql\/Table.php": 1624956659,
    ".\/system\/Database\/Drivers\/SchemaHelper.php": 1624956659,
    ".\/system\/Database\/Drivers\/SchemaProperties.php": 1624956659,
    ".\/system\/Database\/Drivers\/Sqlite\/Builder.php": 1624956659,
    ".\/system\/Database\/Drivers\/Sqlite\/Driver.php": 1624956659,
    ".\/system\/Database\/Drivers\/Sqlite\/Query.php": 1624956659,
    ".\/system\/Database\/Drivers\/Sqlite\/Schema.php": 1624956659,
    ".\/system\/Database\/Drivers\/Sqlite\/Table.php": 1624956659,
    ".\/system\/Database\/Drivers\/TableHelper.php": 1624956659,
    ".\/system\/Database\/Drivers\/readme.md": 1624956659,
    ".\/system\/Database\/Functions.php": 1624956659,
    ".\/system\/Database\/Helper.php": 1624956659,
    ".\/system\/Database\/Interfaces\/ChannelInterface.php": 1624956659,
    ".\/system\/Database\/Interfaces\/ConfigurationInterface.php": 1624956659,
    ".\/system\/Database\/Interfaces\/DatabaseHandlerInterface.php": 1624956659,
    ".\/system\/Database\/Interfaces\/DriverChannelInterface.php": 1624956659,
    ".\/system\/Database\/Interfaces\/DriverInterface.php": 1624956659,
    ".\/system\/Database\/Interfaces\/DriverQueryBuilder.php": 1624956659,
    ".\/system\/Database\/Interfaces\/DriverQueryInterface.php": 1624956659,
    ".\/system\/Database\/Interfaces\/PromiseInterface.php": 1624956659,
    ".\/system\/Database\/Interfaces\/QueryBuilderInterface.php": 1624956659,
    ".\/system\/Database\/Interfaces\/QueryPromiseInterface.php": 1624956659,
    ".\/system\/Database\/Interfaces\/SchemaHelperInterface.php": 1624956659,
    ".\/system\/Database\/Interfaces\/SchemaInterface.php": 1624956659,
    ".\/system\/Database\/Interfaces\/TableHelperInterface.php": 1624956659,
    ".\/system\/Database\/Interfaces\/TableInterface.php": 1624956659,
    ".\/system\/Database\/LightQuery.php": 1624956659,
    ".\/system\/Database\/Promises\/QueryPromise\/PackMethods.php": 1624956659,
    ".\/system\/Database\/Promises\/QueryPromise\/Properties.php": 1624956659,
    ".\/system\/Database\/Promises\/QueryPromise\/QueryMethods.php": 1624956659,
    ".\/system\/Database\/Promises\/QueryPromise.php": 1624956659,
    ".\/system\/Database\/Queries\/Delete.php": 1624956659,
    ".\/system\/Database\/Queries\/Insert.php": 1624956659,
    ".\/system\/Database\/Queries\/QueriesHelper.php": 1624956659,
    ".\/system\/Database\/Queries\/Select.php": 1624956659,
    ".\/system\/Database\/Queries\/Sql.php": 1624956659,
    ".\/system\/Database\/Queries\/Update.php": 1624956659,
    ".\/system\/Database\/Queries\/readme.md": 1624956659,
    ".\/system\/Database\/QueryBindMethods.php": 1624956659,
    ".\/system\/Database\/QueryBuilder.php": 1624956659,
    ".\/system\/Database\/QueryBuilderExecute.php": 1624956659,
    ".\/system\/Database\/QueryBuilderMagicMethods.php": 1624956659,
    ".\/system\/Database\/QueryBuilderProperties.php": 1624956659,
    ".\/system\/Database\/QueryBuilderSwitches.php": 1624956659,
    ".\/system\/Database\/QueryFetchRow.php": 1624956660,
    ".\/system\/Database\/Resource.php": 1624956660,
    ".\/system\/Database\/StateManager.php": 1624956660,
    ".\/system\/Database\/StateManagerClass.php": 1624956660,
    ".\/system\/Database\/TablePrefixing.php": 1624956660,
    ".\/system\/Database\/state_manager.db": 1624956660,
    ".\/system\/Events\/AttachEvent.php": 1624956660,
    ".\/system\/Events\/Dispatcher.php": 1624956660,
    ".\/system\/Events\/EventHelpers.php": 1624956660,
    ".\/system\/Events\/ExampleBasic.php": 1624956660,
    ".\/system\/Events\/Listener.php": 1624956660,
    ".\/system\/Exceptions\/AutoloadRegisterException.php": 1624956660,
    ".\/system\/Exceptions\/ClassNotFound.php": 1624956660,
    ".\/system\/Exceptions\/DependencyFailedForClass.php": 1624956660,
    ".\/system\/Exceptions\/DependencyFailedForFunction.php": 1624956660,
    ".\/system\/Exceptions\/DependencyFailedForVariable.php": 1624956660,
    ".\/system\/Exceptions\/ExceptionHandler.php": 1624956660,
    ".\/system\/Exceptions\/FileNotFound.php": 1624956660,
    ".\/system\/Exceptions\/FrameworkErrorException.php": 1624956660,
    ".\/system\/Exceptions\/InterfaceNotFound.php": 1624956660,
    ".\/system\/Exceptions\/Interfaces\/ThrowableExceptionInterface.php": 1624956660,
    ".\/system\/Exceptions\/JsonHandlerException.php": 1624956660,
    ".\/system\/Exceptions\/LoggerClassNotFound.php": 1624956660,
    ".\/system\/Exceptions\/MethodNotFound.php": 1624956660,
    ".\/system\/Exceptions\/MoorexaInvalidEnvironmentFile.php": 1624956660,
    ".\/system\/Exceptions\/PackageManagerException.php": 1624956660,
    ".\/system\/Exceptions\/PayloadException.php": 1624956660,
    ".\/system\/Exceptions\/QueryBuilderException.php": 1624956660,
    ".\/system\/Exceptions\/RequestManagerException.php": 1624956660,
    ".\/system\/Exceptions\/ThrowableExceptions.php": 1624956660,
    ".\/system\/Functions\/FunctionLibrary.php": 1624956660,
    ".\/system\/Functions\/GlobalFunctions.php": 1624956660,
    ".\/system\/Functions\/GlobalVariables.php": 1624956660,
    ".\/system\/Queues\/Interfaces\/CallbackInterface.php": 1624956660,
    ".\/system\/Queues\/QueueContainer.php": 1624956660,
    ".\/system\/Queues\/QueueHandler.php": 1624956660,
    ".\/system\/README.md": 1624956660,
    ".\/system\/Requests\/Cookies.php": 1624956660,
    ".\/system\/Requests\/Drivers\/Database\/Cookie.php": 1624956660,
    ".\/system\/Requests\/Drivers\/Database\/Session.php": 1624956660,
    ".\/system\/Requests\/Drivers\/DriversHelper.php": 1624956660,
    ".\/system\/Requests\/Files.php": 1624956660,
    ".\/system\/Requests\/Filter.php": 1624956660,
    ".\/system\/Requests\/FilterPromise.php": 1624956660,
    ".\/system\/Requests\/Functions.php": 1624956660,
    ".\/system\/Requests\/Get.php": 1624956660,
    ".\/system\/Requests\/Headers.php": 1624956660,
    ".\/system\/Requests\/Interfaces\/CookieInterface.php": 1624956660,
    ".\/system\/Requests\/Interfaces\/DatabaseDriverInterface.php": 1624956660,
    ".\/system\/Requests\/Interfaces\/FilesInterface.php": 1624956660,
    ".\/system\/Requests\/Interfaces\/GetRequestInterface.php": 1624956660,
    ".\/system\/Requests\/Interfaces\/HeadersInterface.php": 1624956660,
    ".\/system\/Requests\/Interfaces\/PostRequestInterface.php": 1624956660,
    ".\/system\/Requests\/Interfaces\/RequestManagerInterface.php": 1624956660,
    ".\/system\/Requests\/Interfaces\/ServerInterface.php": 1624956660,
    ".\/system\/Requests\/Interfaces\/SessionInterface.php": 1624956660,
    ".\/system\/Requests\/Post.php": 1624956660,
    ".\/system\/Requests\/RequestManager.php": 1624956660,
    ".\/system\/Requests\/Rules\/Input.php": 1624956660,
    ".\/system\/Requests\/Rules\/InputRulesTrait.php": 1624956660,
    ".\/system\/Requests\/Rules\/Interfaces\/InputInterface.php": 1624956660,
    ".\/system\/Requests\/Rules\/Interfaces\/ValidatorInterface.php": 1624956660,
    ".\/system\/Requests\/Rules\/Rule.php": 1624956660,
    ".\/system\/Requests\/Rules\/RuleModel.php": 1624956660,
    ".\/system\/Requests\/Rules\/RulesHelper.php": 1624956660,
    ".\/system\/Requests\/Rules\/Validator.php": 1624956660,
    ".\/system\/Requests\/Server.php": 1624956660,
    ".\/system\/Requests\/Session.php": 1624956660,
    ".\/system\/Requests\/Templates\/accessblocked.html": 1624956660,
    ".\/system\/Requests\/Templates\/forbidden.html": 1624956660,
    ".\/system\/Requests\/Templates\/notallowed.html": 1624956660,
    ".\/system\/Router\/Functions.php": 1624956660,
    ".\/system\/Router\/Guards\/CookieGuard.php": 1624956660,
    ".\/system\/Router\/Guards\/HeaderGuard.php": 1624956660,
    ".\/system\/Router\/Guards\/RouteGuard.php": 1624956660,
    ".\/system\/Router\/Guards\/SessionGuard.php": 1624956660,
    ".\/system\/Router\/Guards.php": 1624956660,
    ".\/system\/Router\/Interfaces\/GuardInterface.php": 1624956660,
    ".\/system\/Router\/Interfaces\/MiddlewareInterface.php": 1624956660,
    ".\/system\/Router\/Interfaces\/RouteGuardInterface.php": 1624956660,
    ".\/system\/Router\/Interfaces\/RouterHandlerInterface.php": 1624956660,
    ".\/system\/Router\/Interfaces\/RouterInterface.php": 1624956660,
    ".\/system\/Router\/Middlewares.php": 1624956660,
    ".\/system\/Router\/RouterHandler.php": 1624956660,
    ".\/system\/Security\/Certificates\/certificate.key": 1624956660,
    ".\/system\/Security\/Decrypt.php": 1624956660,
    ".\/system\/Security\/Encrypt.php": 1624956660,
    ".\/system\/Security\/Functions.php": 1624956660,
    ".\/system\/Security\/Getter.php": 1624956660,
    ".\/system\/Security\/Hashes\/PasswordHashing.php": 1624956660,
    ".\/system\/Security\/Hashes\/SecureMd5.php": 1624956660,
    ".\/system\/Security\/Hashes\/SecureSha1.php": 1624956660,
    ".\/system\/Security\/Interfaces\/GetterInterface.php": 1624956660,
    ".\/system\/Security\/Interfaces\/SecurityGroupInterface.php": 1624956660,
    ".\/system\/Security\/Interfaces\/SetterInterface.php": 1624956660,
    ".\/system\/Security\/Salts\/128bitSaltedString.key": 1624956660,
    ".\/system\/Security\/Salts\/32bitSaltedString.key": 1624956660,
    ".\/system\/Security\/Salts\/64bitSaltedString.key": 1624956660,
    ".\/system\/Security\/Salts\/8bitSaltedString.key": 1624956660,
    ".\/system\/Security\/SecurityGroup.php": 1624956660,
    ".\/system\/Security\/SecurityGroupProperties.php": 1624956660,
    ".\/system\/Security\/Setter.php": 1624956660,
    ".\/system\/Socket\/Interfaces\/SocketHandlerInterface.php": 1624956660,
    ".\/system\/Socket\/Interfaces\/SocketListenerInterface.php": 1624956660,
    ".\/system\/Socket\/RatchetSocketHandler.php": 1624956660,
    ".\/system\/Socket\/SocketHelper.php": 1624956660,
    ".\/system\/Socket\/WorkerManSocketHandler.php": 1624956660,
    ".\/system\/Starter\/.DS_Store": 1624956660,
    ".\/system\/Starter\/coming-soon.html": 1624956660,
    ".\/system\/Starter\/default-starter.html": 1624956660,
    ".\/system\/Starter\/fonts.css": 1624956660,
    ".\/system\/Starter\/http-error.html": 1624956660,
    ".\/system\/Starter\/images\/battery-9.png": 1624956660,
    ".\/system\/Starter\/images\/compose.png": 1624956660,
    ".\/system\/Starter\/images\/error3.png": 1624956660,
    ".\/system\/Starter\/images\/eyeglasses.png": 1624956660,
    ".\/system\/Starter\/images\/fingerprint.png": 1624956660,
    ".\/system\/Starter\/images\/folder-10.png": 1624956660,
    ".\/system\/Starter\/images\/folder-15.png": 1624956660,
    ".\/system\/Starter\/images\/folder-16.png": 1624956660,
    ".\/system\/Starter\/images\/idea.png": 1624956660,
    ".\/system\/Starter\/images\/paper-plane.png": 1624956660,
    ".\/system\/Starter\/images\/stack-overflow.png": 1624956660,
    ".\/system\/Starter\/images\/windows-4.png": 1624956660,
    ".\/system\/Starter\/index.html": 1624956660,
    ".\/system\/Starter\/maintenance-mode.html": 1624956660,
    ".\/system\/Starter\/starter.css": 1624956660,
    ".\/system\/Starter\/starter.js": 1624956660,
    ".\/system\/Templates\/Functions.php": 1624956660,
    ".\/system\/Templates\/Happy\/Common.php": 1624956660,
    ".\/system\/Templates\/Happy\/Directories.php": 1624956660,
    ".\/system\/Templates\/Happy\/Interfaces\/CommonInterface.php": 1624956660,
    ".\/system\/Templates\/Happy\/Interfaces\/DirectoriesInterface.php": 1624956660,
    ".\/system\/Templates\/Happy\/Web\/Caches\/Tmp\/01cf98c3e8deca9b1eedb05bfc7a68c3.cache": 1629990716,
    ".\/system\/Templates\/Happy\/Web\/Caches\/Tmp\/08d8e0617304e0c51dd8115d3595a4b7.cache": 1629990716,
    ".\/system\/Templates\/Happy\/Web\/Caches\/Tmp\/22d7c6e8742f092d35958ba04c6f6fc0.cache": 1606312671,
    ".\/system\/Templates\/Happy\/Web\/Caches\/Tmp\/249ba7c04d07ab27a4c550dbb98444e0.cache": 1606318011,
    ".\/system\/Templates\/Happy\/Web\/Caches\/Tmp\/2895598ccb22e67aa53b0553cf3af1f7.cache": 1629973682,
    ".\/system\/Templates\/Happy\/Web\/Caches\/Tmp\/33357131b4e19fe71adab3f19a89162a.cache": 1606317766,
    ".\/system\/Templates\/Happy\/Web\/Caches\/Tmp\/4a2886d8ab27e0e5c8196afb79bb277a.cache": 1606318067,
    ".\/system\/Templates\/Happy\/Web\/Caches\/Tmp\/53395354b872e9aa438b375ac90abae7.cache": 1629973682,
    ".\/system\/Templates\/Happy\/Web\/Caches\/Tmp\/5b52bc19991296486a08e08379694a85.cache": 1629973682,
    ".\/system\/Templates\/Happy\/Web\/Caches\/Tmp\/745fd955f5d90709c86c73588719c065.cache": 1629990716,
    ".\/system\/Templates\/Happy\/Web\/Caches\/Tmp\/7fb5c80d971cf4d87ad12f1fa7de72cc.cache": 1606324634,
    ".\/system\/Templates\/Happy\/Web\/Caches\/Tmp\/9b24ccef8bf3481f0d8c5af583a6780e.cache": 1606312715,
    ".\/system\/Templates\/Happy\/Web\/Caches\/cached.json": 1629990716,
    ".\/system\/Templates\/Happy\/Web\/Caching.php": 1624956660,
    ".\/system\/Templates\/Happy\/Web\/Engine.php": 1624956660,
    ".\/system\/Templates\/Happy\/Web\/Engines\/Interfaces\/EngineInterface.php": 1624956660,
    ".\/system\/Templates\/Happy\/Web\/Functions.php": 1624956660,
    ".\/system\/Templates\/Happy\/Web\/Interpreter.php": 1624956660,
    ".\/system\/Templates\/Happy\/Web\/InterpreterAttributes.php": 1624956660,
    ".\/system\/Templates\/Happy\/Web\/Plugins\/Footers.php": 1624956660,
    ".\/system\/Templates\/Happy\/Web\/Plugins\/Headers.php": 1624956660,
    ".\/system\/Templates\/Happy\/Web\/Plugins\/Views.php": 1624956660,
    ".\/system\/Templates\/Interfaces\/TemplateEngineInterface.php": 1624956660,
    ".\/system\/Templates\/Interfaces\/TemplateHandlerInterface.php": 1624956660,
    ".\/system\/Templates\/TemplateHandler.php": 1624956660,
    ".\/system\/Test\/Assertions.php": 1624956660,
    ".\/system\/Test\/DatabaseTest.php": 1624956660,
    ".\/system\/Test\/EventTest.php": 1624956660,
    ".\/system\/Test\/Function.php": 1624956660,
    ".\/system\/Test\/RouteTest.php": 1624956660,
    ".\/system\/Test\/SecurityTest.php": 1624956660,
    ".\/system\/Test\/TemplateTest.php": 1624956660,
    ".\/system\/Test\/TestCase.php": 1624956660,
    ".\/system\/Test\/TestDataLayout.txt": 1624956660,
    ".\/system\/Test\/TestLayout.txt": 1624956660,
    ".\/system\/Vendor\/.DS_Store": 1624956660,
    ".\/system\/Vendor\/Blade\/BladeEngine.php": 1624956660,
    ".\/system\/Vendor\/Blade\/BladeFunctions.php": 1624956660,
    ".\/system\/Vendor\/Blade\/cache.json": 1624956660,
    ".\/system\/Vendor\/Latte\/Engine.php": 1624956660,
    ".\/system\/Vendor\/Latte\/FileLoader.php": 1624956660,
    ".\/system\/Vendor\/Latte\/LatteEngine.php": 1624956660,
    ".\/system\/Vendor\/Latte\/LatteFunctions.php": 1624956660,
    ".\/system\/Vendor\/Latte\/Tmp\/.re": 1624956660,
    ".\/system\/Vendor\/Latte\/cache.json": 1624956660,
    ".\/system\/Vendor\/Monolog\/MonologLevels.php": 1624956660,
    ".\/system\/Vendor\/Monolog\/MonologWrapper.php": 1624956660,
    ".\/system\/Vendor\/Mustache\/MustacheEngine.php": 1624956660,
    ".\/system\/Vendor\/Mustache\/MustacheFunctions.php": 1624956660,
    ".\/system\/Vendor\/Mustache\/Tmp\/.re": 1624956660,
    ".\/system\/Vendor\/Mustache\/cache.json": 1624956660,
    ".\/system\/Vendor\/Twig\/TwigEngine.php": 1624956660,
    ".\/system\/Vendor\/Twig\/TwigFunctions.php": 1624956660,
    ".\/system\/Vendor\/Twig\/cache.json": 1624956660,
    ".\/system\/Vendor\/Whoops\/WhoopsWrapper.php": 1624956660,
    ".\/test\/.DS_Store": 1624956660,
    ".\/test\/.re": 1624956660,
    ".\/test\/data\/.DS_Store": 1624956660,
    ".\/test.yaml": 1624956660,
    ".\/vendor\/autoload.php": 1624956660,
    ".\/vendor\/composer\/ClassLoader.php": 1624956660,
    ".\/vendor\/composer\/InstalledVersions.php": 1624956660,
    ".\/vendor\/composer\/LICENSE": 1624956660,
    ".\/vendor\/composer\/autoload_classmap.php": 1624956660,
    ".\/vendor\/composer\/autoload_files.php": 1624956660,
    ".\/vendor\/composer\/autoload_namespaces.php": 1624956660,
    ".\/vendor\/composer\/autoload_psr4.php": 1624956660,
    ".\/vendor\/composer\/autoload_real.php": 1624956660,
    ".\/vendor\/composer\/autoload_static.php": 1624956660,
    ".\/vendor\/composer\/installed.json": 1624956660,
    ".\/vendor\/composer\/installed.php": 1624956660,
    ".\/vendor\/composer\/platform_check.php": 1624956660,
    ".\/vendor\/filp\/whoops\/.github\/workflows\/tests.yml": 1624956660,
    ".\/vendor\/filp\/whoops\/CHANGELOG.md": 1624956660,
    ".\/vendor\/filp\/whoops\/LICENSE.md": 1624956660,
    ".\/vendor\/filp\/whoops\/composer.json": 1624956660,
    ".\/vendor\/filp\/whoops\/src\/Whoops\/Exception\/ErrorException.php": 1624956660,
    ".\/vendor\/filp\/whoops\/src\/Whoops\/Exception\/Formatter.php": 1624956660,
    ".\/vendor\/filp\/whoops\/src\/Whoops\/Exception\/Frame.php": 1624956660,
    ".\/vendor\/filp\/whoops\/src\/Whoops\/Exception\/FrameCollection.php": 1624956660,
    ".\/vendor\/filp\/whoops\/src\/Whoops\/Exception\/Inspector.php": 1624956660,
    ".\/vendor\/filp\/whoops\/src\/Whoops\/Handler\/CallbackHandler.php": 1624956660,
    ".\/vendor\/filp\/whoops\/src\/Whoops\/Handler\/Handler.php": 1624956660,
    ".\/vendor\/filp\/whoops\/src\/Whoops\/Handler\/HandlerInterface.php": 1624956660,
    ".\/vendor\/filp\/whoops\/src\/Whoops\/Handler\/JsonResponseHandler.php": 1624956660,
    ".\/vendor\/filp\/whoops\/src\/Whoops\/Handler\/PlainTextHandler.php": 1624956660,
    ".\/vendor\/filp\/whoops\/src\/Whoops\/Handler\/PrettyPageHandler.php": 1624956660,
    ".\/vendor\/filp\/whoops\/src\/Whoops\/Handler\/XmlResponseHandler.php": 1624956660,
    ".\/vendor\/filp\/whoops\/src\/Whoops\/Resources\/css\/whoops.base.css": 1624956660,
    ".\/vendor\/filp\/whoops\/src\/Whoops\/Resources\/js\/clipboard.min.js": 1624956660,
    ".\/vendor\/filp\/whoops\/src\/Whoops\/Resources\/js\/prettify.min.js": 1624956660,
    ".\/vendor\/filp\/whoops\/src\/Whoops\/Resources\/js\/whoops.base.js": 1624956660,
    ".\/vendor\/filp\/whoops\/src\/Whoops\/Resources\/js\/zepto.min.js": 1624956660,
    ".\/vendor\/filp\/whoops\/src\/Whoops\/Resources\/views\/env_details.html.php": 1624956660,
    ".\/vendor\/filp\/whoops\/src\/Whoops\/Resources\/views\/frame_code.html.php": 1624956660,
    ".\/vendor\/filp\/whoops\/src\/Whoops\/Resources\/views\/frame_list.html.php": 1624956660,
    ".\/vendor\/filp\/whoops\/src\/Whoops\/Resources\/views\/frames_container.html.php": 1624956660,
    ".\/vendor\/filp\/whoops\/src\/Whoops\/Resources\/views\/frames_description.html.php": 1624956660,
    ".\/vendor\/filp\/whoops\/src\/Whoops\/Resources\/views\/header.html.php": 1624956660,
    ".\/vendor\/filp\/whoops\/src\/Whoops\/Resources\/views\/header_outer.html.php": 1624956660,
    ".\/vendor\/filp\/whoops\/src\/Whoops\/Resources\/views\/layout.html.php": 1624956660,
    ".\/vendor\/filp\/whoops\/src\/Whoops\/Resources\/views\/panel_details.html.php": 1624956660,
    ".\/vendor\/filp\/whoops\/src\/Whoops\/Resources\/views\/panel_details_outer.html.php": 1624956660,
    ".\/vendor\/filp\/whoops\/src\/Whoops\/Resources\/views\/panel_left.html.php": 1624956660,
    ".\/vendor\/filp\/whoops\/src\/Whoops\/Resources\/views\/panel_left_outer.html.php": 1624956660,
    ".\/vendor\/filp\/whoops\/src\/Whoops\/Run.php": 1624956660,
    ".\/vendor\/filp\/whoops\/src\/Whoops\/RunInterface.php": 1624956660,
    ".\/vendor\/filp\/whoops\/src\/Whoops\/Util\/HtmlDumperOutput.php": 1624956660,
    ".\/vendor\/filp\/whoops\/src\/Whoops\/Util\/Misc.php": 1624956660,
    ".\/vendor\/filp\/whoops\/src\/Whoops\/Util\/SystemFacade.php": 1624956660,
    ".\/vendor\/filp\/whoops\/src\/Whoops\/Util\/TemplateHelper.php": 1624956660,
    ".\/vendor\/guzzlehttp\/guzzle\/CHANGELOG.md": 1624956660,
    ".\/vendor\/guzzlehttp\/guzzle\/LICENSE": 1624956660,
    ".\/vendor\/guzzlehttp\/guzzle\/README.md": 1624956660,
    ".\/vendor\/guzzlehttp\/guzzle\/UPGRADING.md": 1624956660,
    ".\/vendor\/guzzlehttp\/guzzle\/composer.json": 1624956660,
    ".\/vendor\/guzzlehttp\/guzzle\/src\/BodySummarizer.php": 1624956660,
    ".\/vendor\/guzzlehttp\/guzzle\/src\/BodySummarizerInterface.php": 1624956660,
    ".\/vendor\/guzzlehttp\/guzzle\/src\/Client.php": 1624956660,
    ".\/vendor\/guzzlehttp\/guzzle\/src\/ClientInterface.php": 1624956660,
    ".\/vendor\/guzzlehttp\/guzzle\/src\/ClientTrait.php": 1624956660,
    ".\/vendor\/guzzlehttp\/guzzle\/src\/Cookie\/CookieJar.php": 1624956660,
    ".\/vendor\/guzzlehttp\/guzzle\/src\/Cookie\/CookieJarInterface.php": 1624956660,
    ".\/vendor\/guzzlehttp\/guzzle\/src\/Cookie\/FileCookieJar.php": 1624956660,
    ".\/vendor\/guzzlehttp\/guzzle\/src\/Cookie\/SessionCookieJar.php": 1624956660,
    ".\/vendor\/guzzlehttp\/guzzle\/src\/Cookie\/SetCookie.php": 1624956660,
    ".\/vendor\/guzzlehttp\/guzzle\/src\/Exception\/BadResponseException.php": 1624956660,
    ".\/vendor\/guzzlehttp\/guzzle\/src\/Exception\/ClientException.php": 1624956660,
    ".\/vendor\/guzzlehttp\/guzzle\/src\/Exception\/ConnectException.php": 1624956660,
    ".\/vendor\/guzzlehttp\/guzzle\/src\/Exception\/GuzzleException.php": 1624956660,
    ".\/vendor\/guzzlehttp\/guzzle\/src\/Exception\/InvalidArgumentException.php": 1624956660,
    ".\/vendor\/guzzlehttp\/guzzle\/src\/Exception\/RequestException.php": 1624956660,
    ".\/vendor\/guzzlehttp\/guzzle\/src\/Exception\/ServerException.php": 1624956660,
    ".\/vendor\/guzzlehttp\/guzzle\/src\/Exception\/TooManyRedirectsException.php": 1624956660,
    ".\/vendor\/guzzlehttp\/guzzle\/src\/Exception\/TransferException.php": 1624956660,
    ".\/vendor\/guzzlehttp\/guzzle\/src\/Handler\/CurlFactory.php": 1624956660,
    ".\/vendor\/guzzlehttp\/guzzle\/src\/Handler\/CurlFactoryInterface.php": 1624956660,
    ".\/vendor\/guzzlehttp\/guzzle\/src\/Handler\/CurlHandler.php": 1624956660,
    ".\/vendor\/guzzlehttp\/guzzle\/src\/Handler\/CurlMultiHandler.php": 1624956660,
    ".\/vendor\/guzzlehttp\/guzzle\/src\/Handler\/EasyHandle.php": 1624956660,
    ".\/vendor\/guzzlehttp\/guzzle\/src\/Handler\/MockHandler.php": 1624956660,
    ".\/vendor\/guzzlehttp\/guzzle\/src\/Handler\/Proxy.php": 1624956660,
    ".\/vendor\/guzzlehttp\/guzzle\/src\/Handler\/StreamHandler.php": 1624956660,
    ".\/vendor\/guzzlehttp\/guzzle\/src\/HandlerStack.php": 1624956660,
    ".\/vendor\/guzzlehttp\/guzzle\/src\/MessageFormatter.php": 1624956660,
    ".\/vendor\/guzzlehttp\/guzzle\/src\/MessageFormatterInterface.php": 1624956660,
    ".\/vendor\/guzzlehttp\/guzzle\/src\/Middleware.php": 1624956660,
    ".\/vendor\/guzzlehttp\/guzzle\/src\/Pool.php": 1624956660,
    ".\/vendor\/guzzlehttp\/guzzle\/src\/PrepareBodyMiddleware.php": 1624956660,
    ".\/vendor\/guzzlehttp\/guzzle\/src\/RedirectMiddleware.php": 1624956660,
    ".\/vendor\/guzzlehttp\/guzzle\/src\/RequestOptions.php": 1624956660,
    ".\/vendor\/guzzlehttp\/guzzle\/src\/RetryMiddleware.php": 1624956660,
    ".\/vendor\/guzzlehttp\/guzzle\/src\/TransferStats.php": 1624956660,
    ".\/vendor\/guzzlehttp\/guzzle\/src\/Utils.php": 1624956660,
    ".\/vendor\/guzzlehttp\/guzzle\/src\/functions.php": 1624956660,
    ".\/vendor\/guzzlehttp\/guzzle\/src\/functions_include.php": 1624956660,
    ".\/vendor\/guzzlehttp\/promises\/.php_cs.dist": 1624956660,
    ".\/vendor\/guzzlehttp\/promises\/CHANGELOG.md": 1624956660,
    ".\/vendor\/guzzlehttp\/promises\/LICENSE": 1624956660,
    ".\/vendor\/guzzlehttp\/promises\/Makefile": 1624956660,
    ".\/vendor\/guzzlehttp\/promises\/README.md": 1624956660,
    ".\/vendor\/guzzlehttp\/promises\/composer.json": 1624956660,
    ".\/vendor\/guzzlehttp\/promises\/phpstan-baseline.neon": 1624956660,
    ".\/vendor\/guzzlehttp\/promises\/phpstan.neon.dist": 1624956660,
    ".\/vendor\/guzzlehttp\/promises\/psalm.xml": 1624956660,
    ".\/vendor\/guzzlehttp\/promises\/src\/AggregateException.php": 1624956660,
    ".\/vendor\/guzzlehttp\/promises\/src\/CancellationException.php": 1624956660,
    ".\/vendor\/guzzlehttp\/promises\/src\/Coroutine.php": 1624956660,
    ".\/vendor\/guzzlehttp\/promises\/src\/Create.php": 1624956660,
    ".\/vendor\/guzzlehttp\/promises\/src\/Each.php": 1624956660,
    ".\/vendor\/guzzlehttp\/promises\/src\/EachPromise.php": 1624956660,
    ".\/vendor\/guzzlehttp\/promises\/src\/FulfilledPromise.php": 1624956660,
    ".\/vendor\/guzzlehttp\/promises\/src\/Is.php": 1624956660,
    ".\/vendor\/guzzlehttp\/promises\/src\/Promise.php": 1624956660,
    ".\/vendor\/guzzlehttp\/promises\/src\/PromiseInterface.php": 1624956660,
    ".\/vendor\/guzzlehttp\/promises\/src\/PromisorInterface.php": 1624956660,
    ".\/vendor\/guzzlehttp\/promises\/src\/RejectedPromise.php": 1624956660,
    ".\/vendor\/guzzlehttp\/promises\/src\/RejectionException.php": 1624956660,
    ".\/vendor\/guzzlehttp\/promises\/src\/TaskQueue.php": 1624956660,
    ".\/vendor\/guzzlehttp\/promises\/src\/TaskQueueInterface.php": 1624956660,
    ".\/vendor\/guzzlehttp\/promises\/src\/Utils.php": 1624956660,
    ".\/vendor\/guzzlehttp\/promises\/src\/functions.php": 1624956660,
    ".\/vendor\/guzzlehttp\/promises\/src\/functions_include.php": 1624956660,
    ".\/vendor\/guzzlehttp\/psr7\/CHANGELOG.md": 1624956660,
    ".\/vendor\/guzzlehttp\/psr7\/LICENSE": 1624956660,
    ".\/vendor\/guzzlehttp\/psr7\/README.md": 1624956660,
    ".\/vendor\/guzzlehttp\/psr7\/composer.json": 1624956660,
    ".\/vendor\/guzzlehttp\/psr7\/src\/AppendStream.php": 1624956660,
    ".\/vendor\/guzzlehttp\/psr7\/src\/BufferStream.php": 1624956660,
    ".\/vendor\/guzzlehttp\/psr7\/src\/CachingStream.php": 1624956660,
    ".\/vendor\/guzzlehttp\/psr7\/src\/DroppingStream.php": 1624956660,
    ".\/vendor\/guzzlehttp\/psr7\/src\/FnStream.php": 1624956660,
    ".\/vendor\/guzzlehttp\/psr7\/src\/Header.php": 1624956660,
    ".\/vendor\/guzzlehttp\/psr7\/src\/InflateStream.php": 1624956660,
    ".\/vendor\/guzzlehttp\/psr7\/src\/LazyOpenStream.php": 1624956660,
    ".\/vendor\/guzzlehttp\/psr7\/src\/LimitStream.php": 1624956660,
    ".\/vendor\/guzzlehttp\/psr7\/src\/Message.php": 1624956660,
    ".\/vendor\/guzzlehttp\/psr7\/src\/MessageTrait.php": 1624956660,
    ".\/vendor\/guzzlehttp\/psr7\/src\/MimeType.php": 1624956660,
    ".\/vendor\/guzzlehttp\/psr7\/src\/MultipartStream.php": 1624956660,
    ".\/vendor\/guzzlehttp\/psr7\/src\/NoSeekStream.php": 1624956660,
    ".\/vendor\/guzzlehttp\/psr7\/src\/PumpStream.php": 1624956660,
    ".\/vendor\/guzzlehttp\/psr7\/src\/Query.php": 1624956660,
    ".\/vendor\/guzzlehttp\/psr7\/src\/Request.php": 1624956660,
    ".\/vendor\/guzzlehttp\/psr7\/src\/Response.php": 1624956660,
    ".\/vendor\/guzzlehttp\/psr7\/src\/Rfc7230.php": 1624956660,
    ".\/vendor\/guzzlehttp\/psr7\/src\/ServerRequest.php": 1624956660,
    ".\/vendor\/guzzlehttp\/psr7\/src\/Stream.php": 1624956660,
    ".\/vendor\/guzzlehttp\/psr7\/src\/StreamDecoratorTrait.php": 1624956660,
    ".\/vendor\/guzzlehttp\/psr7\/src\/StreamWrapper.php": 1624956660,
    ".\/vendor\/guzzlehttp\/psr7\/src\/UploadedFile.php": 1624956660,
    ".\/vendor\/guzzlehttp\/psr7\/src\/Uri.php": 1624956660,
    ".\/vendor\/guzzlehttp\/psr7\/src\/UriNormalizer.php": 1624956660,
    ".\/vendor\/guzzlehttp\/psr7\/src\/UriResolver.php": 1624956660,
    ".\/vendor\/guzzlehttp\/psr7\/src\/Utils.php": 1624956660,
    ".\/vendor\/guzzlehttp\/psr7\/src\/functions.php": 1624956660,
    ".\/vendor\/guzzlehttp\/psr7\/src\/functions_include.php": 1624956660,
    ".\/vendor\/monolog\/monolog\/CHANGELOG.md": 1624956660,
    ".\/vendor\/monolog\/monolog\/LICENSE": 1624956660,
    ".\/vendor\/monolog\/monolog\/README.md": 1624956660,
    ".\/vendor\/monolog\/monolog\/composer.json": 1624956660,
    ".\/vendor\/monolog\/monolog\/src\/Monolog\/ErrorHandler.php": 1624956660,
    ".\/vendor\/monolog\/monolog\/src\/Monolog\/Formatter\/ChromePHPFormatter.php": 1624956660,
    ".\/vendor\/monolog\/monolog\/src\/Monolog\/Formatter\/ElasticaFormatter.php": 1624956660,
    ".\/vendor\/monolog\/monolog\/src\/Monolog\/Formatter\/FlowdockFormatter.php": 1624956660,
    ".\/vendor\/monolog\/monolog\/src\/Monolog\/Formatter\/FluentdFormatter.php": 1624956660,
    ".\/vendor\/monolog\/monolog\/src\/Monolog\/Formatter\/FormatterInterface.php": 1624956660,
    ".\/vendor\/monolog\/monolog\/src\/Monolog\/Formatter\/GelfMessageFormatter.php": 1624956660,
    ".\/vendor\/monolog\/monolog\/src\/Monolog\/Formatter\/HtmlFormatter.php": 1624956660,
    ".\/vendor\/monolog\/monolog\/src\/Monolog\/Formatter\/JsonFormatter.php": 1624956660,
    ".\/vendor\/monolog\/monolog\/src\/Monolog\/Formatter\/LineFormatter.php": 1624956660,
    ".\/vendor\/monolog\/monolog\/src\/Monolog\/Formatter\/LogglyFormatter.php": 1624956660,
    ".\/vendor\/monolog\/monolog\/src\/Monolog\/Formatter\/LogstashFormatter.php": 1624956660,
    ".\/vendor\/monolog\/monolog\/src\/Monolog\/Formatter\/MongoDBFormatter.php": 1624956660,
    ".\/vendor\/monolog\/monolog\/src\/Monolog\/Formatter\/NormalizerFormatter.php": 1624956660,
    ".\/vendor\/monolog\/monolog\/src\/Monolog\/Formatter\/ScalarFormatter.php": 1624956660,
    ".\/vendor\/monolog\/monolog\/src\/Monolog\/Formatter\/WildfireFormatter.php": 1624956660,
    ".\/vendor\/monolog\/monolog\/src\/Monolog\/Handler\/AbstractHandler.php": 1624956660,
    ".\/vendor\/monolog\/monolog\/src\/Monolog\/Handler\/AbstractProcessingHandler.php": 1624956660,
    ".\/vendor\/monolog\/monolog\/src\/Monolog\/Handler\/AbstractSyslogHandler.php": 1624956660,
    ".\/vendor\/monolog\/monolog\/src\/Monolog\/Handler\/AmqpHandler.php": 1624956660,
    ".\/vendor\/monolog\/monolog\/src\/Monolog\/Handler\/BrowserConsoleHandler.php": 1624956660,
    ".\/vendor\/monolog\/monolog\/src\/Monolog\/Handler\/BufferHandler.php": 1624956660,
    ".\/vendor\/monolog\/monolog\/src\/Monolog\/Handler\/ChromePHPHandler.php": 1624956660,
    ".\/vendor\/monolog\/monolog\/src\/Monolog\/Handler\/CouchDBHandler.php": 1624956660,
    ".\/vendor\/monolog\/monolog\/src\/Monolog\/Handler\/CubeHandler.php": 1624956660,
    ".\/vendor\/monolog\/monolog\/src\/Monolog\/Handler\/Curl\/Util.php": 1624956660,
    ".\/vendor\/monolog\/monolog\/src\/Monolog\/Handler\/DeduplicationHandler.php": 1624956660,
    ".\/vendor\/monolog\/monolog\/src\/Monolog\/Handler\/DoctrineCouchDBHandler.php": 1624956660,
    ".\/vendor\/monolog\/monolog\/src\/Monolog\/Handler\/DynamoDbHandler.php": 1624956660,
    ".\/vendor\/monolog\/monolog\/src\/Monolog\/Handler\/ElasticSearchHandler.php": 1624956660,
    ".\/vendor\/monolog\/monolog\/src\/Monolog\/Handler\/ErrorLogHandler.php": 1624956660,
    ".\/vendor\/monolog\/monolog\/src\/Monolog\/Handler\/FilterHandler.php": 1624956660,
    ".\/vendor\/monolog\/monolog\/src\/Monolog\/Handler\/FingersCrossed\/ActivationStrategyInterface.php": 1624956660,
    ".\/vendor\/monolog\/monolog\/src\/Monolog\/Handler\/FingersCrossed\/ChannelLevelActivationStrategy.php": 1624956660,
    ".\/vendor\/monolog\/monolog\/src\/Monolog\/Handler\/FingersCrossed\/ErrorLevelActivationStrategy.php": 1624956660,
    ".\/vendor\/monolog\/monolog\/src\/Monolog\/Handler\/FingersCrossedHandler.php": 1624956660,
    ".\/vendor\/monolog\/monolog\/src\/Monolog\/Handler\/FirePHPHandler.php": 1624956660,
    ".\/vendor\/monolog\/monolog\/src\/Monolog\/Handler\/FleepHookHandler.php": 1624956660,
    ".\/vendor\/monolog\/monolog\/src\/Monolog\/Handler\/FlowdockHandler.php": 1624956660,
    ".\/vendor\/monolog\/monolog\/src\/Monolog\/Handler\/FormattableHandlerInterface.php": 1624956660,
    ".\/vendor\/monolog\/monolog\/src\/Monolog\/Handler\/FormattableHandlerTrait.php": 1624956660,
    ".\/vendor\/monolog\/monolog\/src\/Monolog\/Handler\/GelfHandler.php": 1624956660,
    ".\/vendor\/monolog\/monolog\/src\/Monolog\/Handler\/GroupHandler.php": 1624956660,
    ".\/vendor\/monolog\/monolog\/src\/Monolog\/Handler\/HandlerInterface.php": 1624956660,
    ".\/vendor\/monolog\/monolog\/src\/Monolog\/Handler\/HandlerWrapper.php": 1624956660,
    ".\/vendor\/monolog\/monolog\/src\/Monolog\/Handler\/HipChatHandler.php": 1624956660,
    ".\/vendor\/monolog\/monolog\/src\/Monolog\/Handler\/IFTTTHandler.php": 1624956660,
    ".\/vendor\/monolog\/monolog\/src\/Monolog\/Handler\/InsightOpsHandler.php": 1624956660,
    ".\/vendor\/monolog\/monolog\/src\/Monolog\/Handler\/LogEntriesHandler.php": 1624956660,
    ".\/vendor\/monolog\/monolog\/src\/Monolog\/Handler\/LogglyHandler.php": 1624956660,
    ".\/vendor\/monolog\/monolog\/src\/Monolog\/Handler\/MailHandler.php": 1624956660,
    ".\/vendor\/monolog\/monolog\/src\/Monolog\/Handler\/MandrillHandler.php": 1624956660,
    ".\/vendor\/monolog\/monolog\/src\/Monolog\/Handler\/MissingExtensionException.php": 1624956660,
    ".\/vendor\/monolog\/monolog\/src\/Monolog\/Handler\/MongoDBHandler.php": 1624956660,
    ".\/vendor\/monolog\/monolog\/src\/Monolog\/Handler\/NativeMailerHandler.php": 1624956660,
    ".\/vendor\/monolog\/monolog\/src\/Monolog\/Handler\/NewRelicHandler.php": 1624956660,
    ".\/vendor\/monolog\/monolog\/src\/Monolog\/Handler\/NullHandler.php": 1624956660,
    ".\/vendor\/monolog\/monolog\/src\/Monolog\/Handler\/PHPConsoleHandler.php": 1624956660,
    ".\/vendor\/monolog\/monolog\/src\/Monolog\/Handler\/ProcessableHandlerInterface.php": 1624956660,
    ".\/vendor\/monolog\/monolog\/src\/Monolog\/Handler\/ProcessableHandlerTrait.php": 1624956660,
    ".\/vendor\/monolog\/monolog\/src\/Monolog\/Handler\/PsrHandler.php": 1624956660,
    ".\/vendor\/monolog\/monolog\/src\/Monolog\/Handler\/PushoverHandler.php": 1624956660,
    ".\/vendor\/monolog\/monolog\/src\/Monolog\/Handler\/RavenHandler.php": 1624956660,
    ".\/vendor\/monolog\/monolog\/src\/Monolog\/Handler\/RedisHandler.php": 1624956660,
    ".\/vendor\/monolog\/monolog\/src\/Monolog\/Handler\/RollbarHandler.php": 1624956660,
    ".\/vendor\/monolog\/monolog\/src\/Monolog\/Handler\/RotatingFileHandler.php": 1624956660,
    ".\/vendor\/monolog\/monolog\/src\/Monolog\/Handler\/SamplingHandler.php": 1624956660,
    ".\/vendor\/monolog\/monolog\/src\/Monolog\/Handler\/Slack\/SlackRecord.php": 1624956660,
    ".\/vendor\/monolog\/monolog\/src\/Monolog\/Handler\/SlackHandler.php": 1624956660,
    ".\/vendor\/monolog\/monolog\/src\/Monolog\/Handler\/SlackWebhookHandler.php": 1624956660,
    ".\/vendor\/monolog\/monolog\/src\/Monolog\/Handler\/SlackbotHandler.php": 1624956660,
    ".\/vendor\/monolog\/monolog\/src\/Monolog\/Handler\/SocketHandler.php": 1624956660,
    ".\/vendor\/monolog\/monolog\/src\/Monolog\/Handler\/StreamHandler.php": 1624956660,
    ".\/vendor\/monolog\/monolog\/src\/Monolog\/Handler\/SwiftMailerHandler.php": 1624956660,
    ".\/vendor\/monolog\/monolog\/src\/Monolog\/Handler\/SyslogHandler.php": 1624956660,
    ".\/vendor\/monolog\/monolog\/src\/Monolog\/Handler\/SyslogUdp\/UdpSocket.php": 1624956660,
    ".\/vendor\/monolog\/monolog\/src\/Monolog\/Handler\/SyslogUdpHandler.php": 1624956660,
    ".\/vendor\/monolog\/monolog\/src\/Monolog\/Handler\/TestHandler.php": 1624956660,
    ".\/vendor\/monolog\/monolog\/src\/Monolog\/Handler\/WhatFailureGroupHandler.php": 1624956660,
    ".\/vendor\/monolog\/monolog\/src\/Monolog\/Handler\/ZendMonitorHandler.php": 1624956660,
    ".\/vendor\/monolog\/monolog\/src\/Monolog\/Logger.php": 1624956660,
    ".\/vendor\/monolog\/monolog\/src\/Monolog\/Processor\/GitProcessor.php": 1624956660,
    ".\/vendor\/monolog\/monolog\/src\/Monolog\/Processor\/IntrospectionProcessor.php": 1624956660,
    ".\/vendor\/monolog\/monolog\/src\/Monolog\/Processor\/MemoryPeakUsageProcessor.php": 1624956660,
    ".\/vendor\/monolog\/monolog\/src\/Monolog\/Processor\/MemoryProcessor.php": 1624956660,
    ".\/vendor\/monolog\/monolog\/src\/Monolog\/Processor\/MemoryUsageProcessor.php": 1624956660,
    ".\/vendor\/monolog\/monolog\/src\/Monolog\/Processor\/MercurialProcessor.php": 1624956660,
    ".\/vendor\/monolog\/monolog\/src\/Monolog\/Processor\/ProcessIdProcessor.php": 1624956660,
    ".\/vendor\/monolog\/monolog\/src\/Monolog\/Processor\/ProcessorInterface.php": 1624956660,
    ".\/vendor\/monolog\/monolog\/src\/Monolog\/Processor\/PsrLogMessageProcessor.php": 1624956660,
    ".\/vendor\/monolog\/monolog\/src\/Monolog\/Processor\/TagProcessor.php": 1624956660,
    ".\/vendor\/monolog\/monolog\/src\/Monolog\/Processor\/UidProcessor.php": 1624956660,
    ".\/vendor\/monolog\/monolog\/src\/Monolog\/Processor\/WebProcessor.php": 1624956660,
    ".\/vendor\/monolog\/monolog\/src\/Monolog\/Registry.php": 1624956660,
    ".\/vendor\/monolog\/monolog\/src\/Monolog\/ResettableInterface.php": 1624956660,
    ".\/vendor\/monolog\/monolog\/src\/Monolog\/SignalHandler.php": 1624956660,
    ".\/vendor\/monolog\/monolog\/src\/Monolog\/Utils.php": 1624956660,
    ".\/vendor\/psr\/http-client\/CHANGELOG.md": 1624956660,
    ".\/vendor\/psr\/http-client\/LICENSE": 1624956660,
    ".\/vendor\/psr\/http-client\/README.md": 1624956660,
    ".\/vendor\/psr\/http-client\/composer.json": 1624956660,
    ".\/vendor\/psr\/http-client\/src\/ClientExceptionInterface.php": 1624956660,
    ".\/vendor\/psr\/http-client\/src\/ClientInterface.php": 1624956660,
    ".\/vendor\/psr\/http-client\/src\/NetworkExceptionInterface.php": 1624956660,
    ".\/vendor\/psr\/http-client\/src\/RequestExceptionInterface.php": 1624956660,
    ".\/vendor\/psr\/http-message\/CHANGELOG.md": 1624956660,
    ".\/vendor\/psr\/http-message\/LICENSE": 1624956660,
    ".\/vendor\/psr\/http-message\/README.md": 1624956660,
    ".\/vendor\/psr\/http-message\/composer.json": 1624956660,
    ".\/vendor\/psr\/http-message\/src\/MessageInterface.php": 1624956660,
    ".\/vendor\/psr\/http-message\/src\/RequestInterface.php": 1624956660,
    ".\/vendor\/psr\/http-message\/src\/ResponseInterface.php": 1624956660,
    ".\/vendor\/psr\/http-message\/src\/ServerRequestInterface.php": 1624956660,
    ".\/vendor\/psr\/http-message\/src\/StreamInterface.php": 1624956660,
    ".\/vendor\/psr\/http-message\/src\/UploadedFileInterface.php": 1624956660,
    ".\/vendor\/psr\/http-message\/src\/UriInterface.php": 1624956660,
    ".\/vendor\/psr\/log\/LICENSE": 1624956660,
    ".\/vendor\/psr\/log\/Psr\/Log\/AbstractLogger.php": 1624956660,
    ".\/vendor\/psr\/log\/Psr\/Log\/InvalidArgumentException.php": 1624956660,
    ".\/vendor\/psr\/log\/Psr\/Log\/LogLevel.php": 1624956660,
    ".\/vendor\/psr\/log\/Psr\/Log\/LoggerAwareInterface.php": 1624956660,
    ".\/vendor\/psr\/log\/Psr\/Log\/LoggerAwareTrait.php": 1624956660,
    ".\/vendor\/psr\/log\/Psr\/Log\/LoggerInterface.php": 1624956660,
    ".\/vendor\/psr\/log\/Psr\/Log\/LoggerTrait.php": 1624956660,
    ".\/vendor\/psr\/log\/Psr\/Log\/NullLogger.php": 1624956660,
    ".\/vendor\/psr\/log\/Psr\/Log\/Test\/DummyTest.php": 1624956660,
    ".\/vendor\/psr\/log\/Psr\/Log\/Test\/LoggerInterfaceTest.php": 1624956660,
    ".\/vendor\/psr\/log\/Psr\/Log\/Test\/TestLogger.php": 1624956660,
    ".\/vendor\/psr\/log\/README.md": 1624956660,
    ".\/vendor\/psr\/log\/composer.json": 1624956660,
    ".\/vendor\/ralouphie\/getallheaders\/LICENSE": 1624956660,
    ".\/vendor\/ralouphie\/getallheaders\/README.md": 1624956660,
    ".\/vendor\/ralouphie\/getallheaders\/composer.json": 1624956660,
    ".\/vendor\/ralouphie\/getallheaders\/src\/getallheaders.php": 1624956660,
    ".\/vendor\/symfony\/polyfill-ctype\/Ctype.php": 1624956660,
    ".\/vendor\/symfony\/polyfill-ctype\/LICENSE": 1624956660,
    ".\/vendor\/symfony\/polyfill-ctype\/README.md": 1624956660,
    ".\/vendor\/symfony\/polyfill-ctype\/bootstrap.php": 1624956660,
    ".\/vendor\/symfony\/polyfill-ctype\/composer.json": 1624956660,
    ".\/vendor\/symfony\/yaml\/CHANGELOG.md": 1624956660,
    ".\/vendor\/symfony\/yaml\/Command\/LintCommand.php": 1624956660,
    ".\/vendor\/symfony\/yaml\/Dumper.php": 1624956660,
    ".\/vendor\/symfony\/yaml\/Escaper.php": 1624956660,
    ".\/vendor\/symfony\/yaml\/Exception\/DumpException.php": 1624956660,
    ".\/vendor\/symfony\/yaml\/Exception\/ExceptionInterface.php": 1624956660,
    ".\/vendor\/symfony\/yaml\/Exception\/ParseException.php": 1624956660,
    ".\/vendor\/symfony\/yaml\/Exception\/RuntimeException.php": 1624956660,
    ".\/vendor\/symfony\/yaml\/Inline.php": 1624956660,
    ".\/vendor\/symfony\/yaml\/LICENSE": 1624956660,
    ".\/vendor\/symfony\/yaml\/Parser.php": 1624956660,
    ".\/vendor\/symfony\/yaml\/README.md": 1624956660,
    ".\/vendor\/symfony\/yaml\/Tag\/TaggedValue.php": 1624956660,
    ".\/vendor\/symfony\/yaml\/Unescaper.php": 1624956660,
    ".\/vendor\/symfony\/yaml\/Yaml.php": 1624956660,
    ".\/vendor\/symfony\/yaml\/composer.json": 1624956660,
    ".\/version": 1624956660,
    ".\/src\/utility\/Storage\/Logs\/Deploy\/deploylogd6a6f769d9b73ce5e61d5afe5269359f.json": 1630408563,
    ".\/app\/Manager\/Static\/frontdesk_template.html": 1624956659,
    ".\/app\/Manager\/Views\/frontdesk.html": 1624956659,
    ".\/system\/Templates\/Happy\/Web\/Caches\/Tmp\/afe893ac7332468af32ff103a5cadfab.cache": 1624956660,
    ".\/system\/Templates\/Happy\/Web\/Caches\/Tmp\/e156e9649e8760b78e46a36abc69589a.cache": 1624956660,
    ".\/static\/property\/js\/others\/html2canvas.min.js": 1624956659,
    ".\/static\/property\/js\/others\/pdfmake.min.js": 1624956659,
    ".\/modules\/.DS_Store": 1624956659,
    ".\/modules\/.re": 1624956659,
    ".\/modules\/avaliability\/.DS_Store": 1624956659,
    ".\/modules\/avaliability\/autoload.php": 1624956659,
    ".\/modules\/avaliability\/inc\/.DS_Store": 1624956659,
    ".\/modules\/avaliability\/inc\/assets\/cancel-white.png": 1624956659,
    ".\/modules\/avaliability\/inc\/assets\/check-white.png": 1624956659,
    ".\/modules\/avaliability\/inc\/assets\/lightpick.css": 1624956659,
    ".\/modules\/avaliability\/inc\/assets\/lightpick.js": 1624956659,
    ".\/modules\/avaliability\/inc\/assets\/main.css": 1624956659,
    ".\/modules\/avaliability\/inc\/assets\/main.js": 1624956659,
    ".\/modules\/avaliability\/inc\/assets\/moment.js": 1624956659,
    ".\/modules\/avaliability\/inc\/assets\/script.js": 1624956659,
    ".\/modules\/avaliability\/inc\/home.php": 1624956659,
    ".\/modules\/avaliability\/inc\/index.html": 1622101124,
    ".\/modules\/avaliability\/index.php": 1624956659,
    ".\/modules\/avaliability\/server.php": 1624956659,
    ".\/modules\/avaliability\/src\/AvaliabilityManager.php": 1624956659,
    ".\/modules\/avaliability\/src\/PlaceholderConstant.php": 1624956659,
    ".\/modules\/avaliability\/src\/TableDisplay.php": 1624956659,
    ".\/modules\/avaliability\/inc\/index.phtml": 1624956659,
    ".\/static\/css\/menu.css": 1630400068,
    ".\/static\/css\/partner.css": 1630408563
}