{
    "FileDB\\FileDBClient\/8f3d57a9300c7562bc537bd8707d89c6": ".\/.\/.\/src\/lab\/library\/\/FileDB\/FileDBClient.php",
    "Classes\\Cli\\CliInterface\/6726755a8d58bdb86e957d6efcc040ff": ".\/.\/.\/src\/utility\/Classes\/\/CLI\/CliInterface.php",
    "Moorexa\\View\\Engine\/44fb86b91f017a506b14c4640c06fd70": ".\/.\/.\/src\/utility\/Classes\/\/Hyphe\/Engine.php",
    "Happy\\Directives\/00d823c2c0361e57452a7a26cf6b5df1": ".\/.\/.\/src\/utility\/Classes\/\/Happy\/Directives.php",
    "HttpClient\\Http\/e09d60ce71d54edc0ad34ecd3f6a3c5f": ".\/.\/.\/src\/lab\/library\/\/HttpClient\/Http.php",
    "Convert\/920f4a0c5c8b9a0747380cf7c7f0b3c5": ".\/.\/\/package\/TripMata\/\/Convert.php",
    "IRequest\/a332f972a7dad640162c0239c854dae2": ".\/.\/\/package\/TripMata\/\/IRequest.php",
    "Request\/15c2d85f1fae22a3c3a0594510a1f611": ".\/.\/\/package\/TripMata\/\/Request.php",
    "Serializer\/a6503f935101663a5fc196e528a78907": ".\/.\/\/package\/TripMata\/\/Serializer.php",
    "NameValuePair\/afdac040fe74e015b0b1840cf64ee149": ".\/.\/\/package\/TripMata\/\/NameValuePair.php",
    "IBase\/9bee044069c55de802c28bd57d7ea041": ".\/.\/\/package\/TripMata\/\/IBase.php",
    "IResponse\/7dd2d491779d1a817b94ef228f92ea39": ".\/.\/\/package\/TripMata\/\/IResponse.php",
    "Response\/d64ed3e9c10229648e069f56e32f4c8e": ".\/.\/\/package\/TripMata\/\/Response.php",
    "Source\\HttpClient\\Http\/1e38330acd06583c4bd108f7a971c9d7": ".\/.\/.\/src\/lab\/library\/\/HttpClient\/Http.php"
}